{
    "block1_conv1": 0.8227848101265823, 
    "block1_conv2": 0.8227848101265823,
    "LSVC_block1_pool": 0.810126582278481,
    "ENet_0.001_block1_pool": 0.810126582278481,
    "ENet_0.0001_block1_pool": 0.0,
    "block2_conv1": 0.6329113924050633,
    "block2_conv2": 0.5949367088607594,
    "LSVC_block2_pool": 0.5822784810126582, 
    "ENet_0.001_block2_pool": 0.5822784810126582, 
    "ENet_0.0001_block2_pool": 1.0,
    "block3_conv1": 0.5569620253164557, 
    "block3_conv2": 0.5949367088607594,
    "LSVC_block3_pool": 0.620253164556962,
    "ENet_0.001_block3_pool": 0.620253164556962,
    "ENet_0.0001_block3_pool": 1.0,
    "block4_conv1": 0.5949367088607594,
    "block4_conv2": 0.6075949367088608,
    "block5_conv2": 0.8354430379746836,
    "LSVC_block5_conv2": 0.8354430379746836,
    "block5_conv3": 0.8607594936708861,
    "LSVC_block5_conv3": 0.8734177215189873
}

