{
    "block1_conv1": 0.8227848101265823, 
    "block1_conv2": 0.8227848101265823, 
    "block2_conv1": 0.6329113924050633,
    "block2_conv2": 0.5949367088607594,
    "block3_conv1": 0.5569620253164557, 
    "block3_conv2": 0.5949367088607594,
    "block4_conv1": 0.5949367088607594,
    "block4_conv2": 0.6075949367088608,
    "block5_conv2": 0.8354430379746836,
    "LSVC_block5_conv2": 0.8354430379746836,
    "block5_conv3": 0.8607594936708861,
    "LSVC_block5_conv3": 0.8734177215189873
}